Rank,Applicant_ID,Similarity_Score
1,BQN,0.9449
2,XK,0.9422
3,AFX,0.9416
4,ZO,0.9415
5,XT,0.939
6,BRC,0.9385
7,BTM,0.9368
8,FI,0.9365
9,BUW,0.9363
10,BTF,0.9324
11,ACT,0.9324
12,ADR,0.9322
13,BNB,0.9318
14,JV,0.9308
15,BNG,0.9293
16,ADO,0.9289
17,ADA,0.9285
18,BGI,0.9278
19,II,0.9266
20,ZP,0.9255
21,AFY,0.9252
22,AFK,0.9248
23,TU,0.9246
24,ZI,0.9246
25,BAG,0.9245
26,XE,0.9244
27,BRI,0.9242
28,WQ,0.9241
29,CON,0.9236
30,BSK,0.9235
31,BTN,0.9235
32,XL,0.9234
33,BEZ,0.9229
34,BNR,0.9225
35,COP,0.9222
36,BRK,0.9218
37,ACP,0.9218
38,AAN,0.9212
39,BGC,0.9207
40,BOC,0.9205
41,CKU,0.9204
42,BPC,0.9203
43,YG,0.9203
44,BSY,0.9202
45,BRY,0.9201
46,BOO,0.9197
47,BCU,0.9196
48,AAU,0.9195
49,ACO,0.9195
50,BVZ,0.9194
51,AUN,0.9194
52,AAS,0.9191
53,AKJ,0.9189
54,AHD,0.9187
55,BMP,0.9185
56,YL,0.9183
57,BQX,0.9183
58,WK,0.9181
59,AFJ,0.9177
60,BQH,0.9176
61,BME,0.9175
62,BCC,0.9174
63,CML,0.9168
64,WM,0.9165
65,AB,0.9161
66,CIU,0.9156
67,AWP,0.9156
68,BRJ,0.9155
69,WI,0.9155
70,CEF,0.9155
71,CEZ,0.9154
72,BRV,0.9151
73,ADF,0.915
74,RY,0.915
75,AFG,0.915
76,CCH,0.9149
77,BNY,0.9148
78,BTS,0.9147
79,CGA,0.9147
80,AXU,0.9147
81,BTL,0.9145
82,AFT,0.9143
83,AYK,0.9142
84,AZX,0.9142
85,BQL,0.9141
86,BTO,0.914
87,BD,0.914
88,ADY,0.9138
89,AOS,0.9138
90,BUZ,0.9138
91,BDY,0.9136
92,BRZ,0.9133
93,BOD,0.9132
94,CAM,0.9131
95,EX,0.9125
96,BJG,0.9125
97,BUP,0.9124
98,NZ,0.9124
99,B,0.9123
100,BHI,0.9123
101,CFX,0.9122
102,BQI,0.9122
103,BTE,0.912
104,BWD,0.9116
105,ABO,0.9116
106,BKY,0.9115
107,ADJ,0.9114
108,AL,0.9114
109,CCU,0.9113
110,BDE,0.9112
111,CHJ,0.9112
112,OX,0.9112
113,ACU,0.9111
114,BQJ,0.9111
115,CET,0.911
116,CIF,0.9107
117,BPS,0.9107
118,ARB,0.9105
119,CBS,0.9101
120,AAD,0.91
121,ABU,0.9099
122,XW,0.9099
123,CHA,0.9099
124,CAW,0.9098
125,CDQ,0.9098
126,K,0.9097
127,AEN,0.9096
128,ABW,0.9095
129,ADV,0.9093
130,BNK,0.9093
131,DX,0.9093
132,AGL,0.909
133,CKF,0.9089
134,AVB,0.9086
135,BUN,0.9084
136,AEJ,0.9081
137,BPO,0.9081
138,AEW,0.908
139,ARG,0.9077
140,AAP,0.9076
141,DL,0.9075
142,YH,0.9075
143,AKP,0.9074
144,MZ,0.9073
145,BGL,0.9073
146,CHE,0.9072
147,BMC,0.9071
148,AKZ,0.9071
149,BSW,0.9069
150,CNJ,0.9067
151,CAR,0.9066
152,BRF,0.9066
153,BOH,0.9066
154,CEO,0.9065
155,BQT,0.9065
156,LR,0.9065
157,BPA,0.9065
158,AXB,0.9063
159,BEN,0.9063
160,AGX,0.9061
161,AXN,0.906
162,AEP,0.906
163,ABG,0.9059
164,BTD,0.9059
165,BES,0.9058
166,IH,0.9057
167,BQW,0.9056
168,BDZ,0.9055
169,BDX,0.9054
170,CCP,0.9054
171,ADX,0.9054
172,BSD,0.9054
173,WC,0.9054
174,CKD,0.9053
175,BOT,0.9052
176,BMI,0.9052
177,BSJ,0.9052
178,BBN,0.9052
179,AGD,0.9051
180,KC,0.9051
181,AFF,0.9051
182,BCI,0.905
183,ZU,0.9049
184,BOG,0.9049
185,HP,0.9048
186,ATF,0.9048
187,BSP,0.9047
188,WX,0.9047
189,BSC,0.9047
190,ALK,0.9046
191,BOI,0.9046
192,ZV,0.9045
193,XO,0.9044
194,AFZ,0.9044
195,BPM,0.9044
196,AUV,0.9042
197,ATY,0.9042
198,AMH,0.9042
199,AGE,0.9042
200,BFP,0.9041
201,ZQ,0.9041
202,BVB,0.904
203,BCS,0.904
204,BHN,0.9038
205,BLD,0.9038
206,BMZ,0.9038
207,BSE,0.9037
208,XM,0.9037
209,AYV,0.9037
210,JY,0.9034
211,BON,0.9033
212,BBG,0.9033
213,ZR,0.9032
214,BJL,0.9031
215,ATX,0.9031
216,BPQ,0.903
217,XI,0.9029
218,IZ,0.9027
219,XN,0.9026
220,CAA,0.9026
221,BC,0.9026
222,AK,0.9026
223,AGA,0.9026
224,YR,0.9025
225,CGK,0.9025
226,BRX,0.9025
227,BGX,0.9024
228,Y,0.9024
229,BOB,0.9021
230,AEY,0.9021
231,APY,0.902
232,LX,0.902
233,AAY,0.9019
234,YM,0.9018
235,BSU,0.9017
236,BVT,0.9017
237,BOF,0.9017
238,BQD,0.9016
239,CGE,0.9016
240,CHV,0.9016
241,OJ,0.9015
242,CFV,0.9015
243,CBI,0.9014
244,CDG,0.9014
245,JA,0.9014
246,BWY,0.9012
247,BYW,0.9012
248,ABR,0.9011
249,HI,0.9011
250,JH,0.901
251,BSB,0.9009
252,AGF,0.9009
253,ZX,0.9008
254,ANG,0.9008
255,BBW,0.9008
256,BIV,0.9007
257,CDJ,0.9007
258,AIQ,0.9007
259,ABH,0.9006
260,AZG,0.9005
261,BEI,0.9005
262,CHY,0.9004
263,BBV,0.9004
264,BCW,0.9003
265,AWN,0.9002
266,BNF,0.9002
267,JL,0.9001
268,ATI,0.9001
269,AWD,0.9001
270,AKK,0.9
271,BOY,0.9
272,APZ,0.8999
273,CBL,0.8999
274,XP,0.8999
275,AIX,0.8999
276,AEI,0.8998
277,BSL,0.8997
278,CM,0.8997
279,MU,0.8996
280,AOJ,0.8996
281,BTP,0.8995
282,BNT,0.8994
283,BNI,0.8993
284,AAK,0.8992
285,YC,0.8992
286,CEJ,0.8992
287,CFD,0.8991
288,AGS,0.8991
289,ABX,0.8991
290,BYF,0.899
291,CIY,0.899
292,CJA,0.899
293,BVX,0.8989
294,ADB,0.8988
295,U,0.8988
296,BQQ,0.8988
297,ACS,0.8987
298,CCL,0.8987
299,BPX,0.8986
300,TN,0.8985
301,BFG,0.8985
302,TO,0.8985
303,Z,0.8985
304,BPR,0.8985
305,BNC,0.8984
306,AHV,0.8984
307,IW,0.8983
308,UH,0.8982
309,BVW,0.8982
310,CGM,0.8982
311,CGL,0.8981
312,AJN,0.8979
313,LN,0.8978
314,AJS,0.8978
315,CGX,0.8976
316,BWH,0.8976
317,ADT,0.8976
318,BMW,0.8976
319,BNE,0.8975
320,KD,0.8975
321,AAX,0.8975
322,AOK,0.8975
323,AYQ,0.8974
324,AEK,0.8974
325,BUY,0.8974
326,ANO,0.8974
327,BBE,0.8974
328,AUZ,0.8974
329,UI,0.8973
330,BXL,0.8972
331,BQE,0.8971
332,LA,0.8971
333,BOP,0.8971
334,ND,0.8969
335,CDA,0.8969
336,CHP,0.8969
337,NI,0.8969
338,AFB,0.8969
339,AVP,0.8969
340,AWZ,0.8968
341,RV,0.8968
342,QC,0.8967
343,BUX,0.8967
344,CGB,0.8966
345,BCA,0.8965
346,AWS,0.8964
347,DI,0.8964
348,CDE,0.8963
349,DE,0.8963
350,AYL,0.8962
351,AWM,0.8962
352,CGC,0.8961
353,AQI,0.896
354,CKZ,0.896
355,CMM,0.8959
356,CHT,0.8959
357,AKT,0.8959
358,AUF,0.8957
359,AMT,0.8957
360,BVE,0.8956
361,BTR,0.8956
362,CGS,0.8954
363,LG,0.8954
364,COK,0.8953
365,AXY,0.8953
366,WO,0.8953
367,CBC,0.8953
368,ACN,0.8953
369,BUR,0.8952
370,CBG,0.8952
371,CJQ,0.8952
372,AZZ,0.8951
373,SN,0.895
374,WE,0.895
375,BRQ,0.8949
376,KM,0.8949
377,BHO,0.8949
378,CGV,0.8948
379,QR,0.8948
380,BBR,0.8948
381,AFU,0.8947
382,BJM,0.8947
383,AYW,0.8947
384,BVC,0.8946
385,ZK,0.8946
386,ZN,0.8946
387,ZG,0.8946
388,CEE,0.8946
389,CMW,0.8945
390,PZ,0.8944
391,BTB,0.8944
392,ZM,0.8944
393,BLE,0.8944
394,KZ,0.8943
395,XH,0.8943
396,XC,0.8943
397,XJ,0.8943
398,CEY,0.8942
399,AFW,0.8942
400,AFV,0.8941
401,BXI,0.8941
402,BNH,0.8941
403,CNG,0.8941
404,BWB,0.8941
405,AVE,0.894
406,BBK,0.8939
407,AHQ,0.8939
408,KF,0.8938
409,BBQ,0.8938
410,KL,0.8937
411,CKM,0.8937
412,CCG,0.8935
413,CAP,0.8934
414,CHC,0.8934
415,CIT,0.8934
416,CLU,0.8932
417,AAW,0.8932
418,CHB,0.8932
419,LW,0.8931
420,AUJ,0.893
421,AMX,0.893
422,CLH,0.893
423,CMF,0.8929
424,BGU,0.8929
425,BBD,0.8928
426,CCN,0.8928
427,TF,0.8928
428,CEM,0.8928
429,BAA,0.8928
430,CMZ,0.8926
431,BWJ,0.8926
432,UD,0.8925
433,IT,0.8925
434,OF,0.8924
435,TD,0.8924
436,ARE,0.8923
437,QH,0.8923
438,FG,0.8923
439,OD,0.8922
440,GB,0.8922
441,ZJ,0.8921
442,BUI,0.892
443,AQW,0.8919
444,BBF,0.8919
445,BMX,0.8919
446,OV,0.8919
447,AVW,0.8918
448,CIE,0.8918
449,ZW,0.8918
450,DF,0.8918
451,AAH,0.8918
452,BXT,0.8917
453,XF,0.8917
454,CKA,0.8917
455,AHK,0.8917
456,BVU,0.8917
457,ALH,0.8916
458,AVG,0.8916
459,AXX,0.8915
460,QI,0.8915
461,RZ,0.8915
462,BDH,0.8913
463,BPE,0.8913
464,CDO,0.8912
465,XG,0.8912
466,AHZ,0.8912
467,BVY,0.8912
468,LD,0.8912
469,FS,0.8912
470,BAQ,0.8911
471,CMS,0.8911
472,LT,0.8911
473,CMN,0.8911
474,CBR,0.891
475,BPK,0.891
476,CQ,0.891
477,BOM,0.891
478,QT,0.8909
479,BUU,0.8909
480,AJF,0.8909
481,CAQ,0.8909
482,GC,0.8908
483,APV,0.8908
484,AOM,0.8908
485,CBQ,0.8908
486,BMO,0.8907
487,CHO,0.8907
488,CBB,0.8907
489,BSI,0.8906
490,RE,0.8906
491,WU,0.8906
492,CCZ,0.8904
493,ACA,0.8904
494,AZC,0.8904
495,BXV,0.8903
496,ES,0.8903
497,CCO,0.8903
498,CHD,0.8903
499,YY,0.8903
500,BPI,0.8903
501,BMJ,0.8902
502,CGG,0.8902
503,BIS,0.8902
504,CKC,0.8902
505,CDL,0.8902
506,AWR,0.8902
507,BUT,0.8901
508,BYS,0.89
509,CIK,0.89
510,IA,0.8899
511,JS,0.8899
512,CID,0.8898
513,VL,0.8898
514,BHG,0.8897
515,WR,0.8897
516,JD,0.8897
517,CEN,0.8896
518,BMB,0.8896
519,BJE,0.8896
520,BCT,0.8895
521,CLE,0.8895
522,BWR,0.8895
523,CAG,0.8895
524,ADM,0.8895
525,ATD,0.8894
526,BKV,0.8893
527,CAJ,0.8893
528,CBX,0.8893
529,CNE,0.8893
530,CIH,0.8893
531,ALA,0.8892
532,CKB,0.8892
533,CDV,0.8892
534,YE,0.8892
535,EI,0.8892
536,AJD,0.8892
537,AXD,0.8891
538,IF,0.8891
539,BPH,0.889
540,BEG,0.889
541,MJ,0.8889
542,CGW,0.8889
543,COI,0.8889
544,AWA,0.8889
545,ANA,0.8888
546,CBU,0.8888
547,CDP,0.8887
548,BK,0.8887
549,AUK,0.8887
550,ATW,0.8886
551,AOB,0.8886
552,CDS,0.8886
553,SD,0.8886
554,QY,0.8883
555,ADZ,0.8883
556,BVG,0.8883
557,AHW,0.8883
558,CGZ,0.8883
559,ARM,0.8882
560,AUT,0.8882
561,AFQ,0.8881
562,QZ,0.8881
563,BAW,0.8881
564,AYA,0.888
565,AKR,0.8879
566,CBN,0.8879
567,AQP,0.8879
568,AJM,0.8878
569,BUB,0.8878
570,BUC,0.8877
571,SI,0.8877
572,BUJ,0.8877
573,CIS,0.8877
574,SX,0.8876
575,CIA,0.8876
576,ARN,0.8875
577,BDM,0.8873
578,AHE,0.8873
579,BVA,0.8872
580,AMY,0.8872
581,CNW,0.8872
582,ABN,0.8871
583,BTK,0.8871
584,ADG,0.8871
585,UM,0.887
586,BJC,0.887
587,AAO,0.8869
588,ABP,0.8869
589,YB,0.8869
590,AYY,0.8869
591,AAJ,0.8869
592,AVC,0.8869
593,AFS,0.8869
594,BAB,0.8869
595,AUU,0.8869
596,AGR,0.8869
597,SH,0.8869
598,OH,0.8868
599,COC,0.8868
600,CHN,0.8868
601,CBA,0.8868
602,AHF,0.8866
603,CEW,0.8866
604,AMC,0.8866
605,ACV,0.8865
606,CGH,0.8865
607,CIR,0.8865
608,AEZ,0.8865
609,BUD,0.8865
610,CCY,0.8865
611,COD,0.8865
612,BVN,0.8865
613,YN,0.8865
614,AKI,0.8864
615,NM,0.8864
616,AGV,0.8863
617,YS,0.8863
618,CEC,0.8863
619,CCE,0.8863
620,SF,0.8863
621,BHZ,0.8862
622,AVR,0.8862
623,BJX,0.8862
624,JG,0.8861
625,BUO,0.886
626,ASC,0.886
627,BHE,0.886
628,CLS,0.8859
629,AZI,0.8859
630,ALN,0.8859
631,AHM,0.8859
632,ADE,0.8859
633,AGW,0.8858
634,BWT,0.8857
635,AMM,0.8857
636,IR,0.8857
637,US,0.8856
638,ZB,0.8856
639,ID,0.8856
640,WN,0.8855
641,XB,0.8854
642,BTW,0.8854
643,BLP,0.8854
644,IM,0.8854
645,CDR,0.8854
646,ZF,0.8853
647,LZ,0.8853
648,CBT,0.8853
649,AVY,0.8853
650,TI,0.8853
651,MT,0.8853
652,WW,0.8853
653,CJB,0.8853
654,CIG,0.8852
655,KB,0.8852
656,APM,0.8851
657,AOW,0.8851
658,OQ,0.885
659,OS,0.885
660,BNJ,0.885
661,CGT,0.8849
662,BKT,0.8849
663,AIM,0.8848
664,RF,0.8848
665,ABC,0.8848
666,HH,0.8848
667,BQO,0.8847
668,CJM,0.8847
669,CMA,0.8846
670,AAM,0.8846
671,ATU,0.8845
672,BVO,0.8845
673,AMK,0.8844
674,BYQ,0.8844
675,CFE,0.8844
676,YF,0.8843
677,CAH,0.8843
678,CFF,0.8843
679,CGN,0.8843
680,UF,0.8843
681,CFS,0.8842
682,BXM,0.8842
683,KV,0.8842
684,BMU,0.8842
685,CLQ,0.8842
686,AOX,0.8841
687,AVO,0.8841
688,YD,0.8841
689,CGF,0.8841
690,CEX,0.884
691,BXS,0.884
692,AFL,0.8839
693,XZ,0.8839
694,ADH,0.8839
695,BT,0.8839
696,AGU,0.8839
697,BEH,0.8839
698,MR,0.8838
699,GX,0.8838
700,BAI,0.8838
701,AAG,0.8838
702,AZL,0.8837
703,AGN,0.8837
704,AGP,0.8836
705,CNL,0.8836
706,BCR,0.8836
707,VH,0.8835
708,BGG,0.8835
709,NL,0.8835
710,CED,0.8835
711,AMU,0.8834
712,AQR,0.8834
713,CCF,0.8832
714,AXL,0.8831
715,UQ,0.8831
716,DK,0.8831
717,AYZ,0.883
718,WA,0.883
719,KE,0.883
720,OI,0.883
721,GY,0.8829
722,CFU,0.8828
723,ABI,0.8828
724,WJ,0.8828
725,AWB,0.8828
726,AOQ,0.8826
727,YP,0.8825
728,BMH,0.8825
729,ACY,0.8824
730,EQ,0.8824
731,ANF,0.8824
732,BVK,0.8823
733,NS,0.8822
734,ATE,0.8822
735,UN,0.8822
736,AXG,0.8821
737,UL,0.8821
738,PS,0.8821
739,AAI,0.8821
740,AIZ,0.8821
741,BTC,0.882
742,BQV,0.882
743,BUF,0.882
744,AII,0.882
745,BZF,0.8819
746,CGU,0.8819
747,CEQ,0.8819
748,AGQ,0.8818
749,AOT,0.8818
750,BCJ,0.8817
751,DD,0.8816
752,BFK,0.8816
753,AAL,0.8816
754,ADI,0.8816
755,CMY,0.8816
756,FF,0.8815
757,AIP,0.8815
758,ARQ,0.8815
759,BEC,0.8814
760,QJ,0.8814
761,JK,0.8814
762,AWH,0.8814
763,AGT,0.8813
764,QU,0.8813
765,CHG,0.8813
766,AVX,0.8813
767,CKT,0.8813
768,APF,0.8812
769,BRA,0.8812
770,AVF,0.8812
771,AYT,0.8811
772,BWM,0.8811
773,ALU,0.8811
774,AJJ,0.8811
775,ART,0.8811
776,ANE,0.881
777,TH,0.881
778,CJO,0.881
779,CBJ,0.8809
780,GG,0.8809
781,LJ,0.8809
782,ARA,0.8809
783,AAV,0.8809
784,BUH,0.8809
785,CGP,0.8809
786,AWO,0.8808
787,CDH,0.8807
788,CHW,0.8807
789,JT,0.8807
790,APE,0.8806
791,ACK,0.8806
792,KW,0.8805
793,LO,0.8805
794,CME,0.8805
795,AEC,0.8805
796,HJ,0.8804
797,AOI,0.8804
798,TA,0.8804
799,LK,0.8804
800,ABM,0.8803
801,BEM,0.8803
802,PM,0.8803
803,ANM,0.8803
804,BSZ,0.8803
805,GF,0.8803
806,AED,0.8803
807,ARL,0.8803
808,BBJ,0.8802
809,VG,0.8802
810,CCR,0.8802
811,ADQ,0.8801
812,GU,0.8801
813,CNI,0.8801
814,AET,0.8801
815,AJW,0.8801
816,VV,0.88
817,OL,0.88
818,AKL,0.88
819,RP,0.88
820,YA,0.8799
821,BRE,0.8799
822,AEO,0.8799
823,BSO,0.8798
824,UP,0.8798
825,SE,0.8797
826,BQA,0.8797
827,AOP,0.8797
828,CEI,0.8797
829,AVZ,0.8797
830,GD,0.8797
831,CAI,0.8796
832,CAT,0.8796
833,CLM,0.8795
834,BWZ,0.8795
835,CDM,0.8794
836,AIS,0.8794
837,DV,0.8794
838,AER,0.8794
839,BTZ,0.8794
840,CC,0.8793
841,AVU,0.8793
842,BYA,0.8793
843,ASD,0.8792
844,ABK,0.8791
845,WD,0.8791
846,CIB,0.8791
847,BOS,0.8791
848,CJR,0.8789
849,R,0.8789
850,ABF,0.8789
851,BEO,0.8789
852,BA,0.8789
853,BWN,0.8789
854,AQT,0.8788
855,ADL,0.8788
856,AFM,0.8788
857,COE,0.8787
858,AOF,0.8787
859,CFC,0.8787
860,BDI,0.8787
861,BPD,0.8787
862,RN,0.8786
863,AEB,0.8786
864,BZI,0.8786
865,CBO,0.8786
866,CDK,0.8786
867,AKS,0.8785
868,BMS,0.8785
869,BBY,0.8785
870,BRS,0.8785
871,BML,0.8785
872,EO,0.8784
873,CJC,0.8784
874,VX,0.8783
875,BPN,0.8783
876,BAR,0.8783
877,AQN,0.8783
878,BNL,0.8782
879,CIX,0.8782
880,CHZ,0.8782
881,CAO,0.8781
882,NW,0.8781
883,VZ,0.8781
884,NK,0.8781
885,BCQ,0.8781
886,CNX,0.878
887,AOC,0.878
888,CBM,0.878
889,CCK,0.878
890,CHX,0.878
891,CNM,0.878
892,CEK,0.878
893,LS,0.8779
894,AKN,0.8779
895,CBK,0.8778
896,AZH,0.8777
897,TG,0.8777
898,APG,0.8777
899,IX,0.8777
900,EB,0.8777
901,ALF,0.8777
902,PV,0.8776
903,AUO,0.8776
904,CCM,0.8776
905,BCD,0.8776
906,CDI,0.8775
907,BEA,0.8775
908,BZV,0.8775
909,AOU,0.8775
910,RW,0.8774
911,QL,0.8774
912,BUG,0.8774
913,AQU,0.8774
914,AXH,0.8773
915,CGO,0.8773
916,CIZ,0.8773
917,BAT,0.8772
918,LQ,0.8771
919,KP,0.8771
920,N,0.877
921,HF,0.877
922,CAY,0.8769
923,VY,0.8769
924,EH,0.8769
925,ANU,0.8769
926,BVH,0.8769
927,AHA,0.8769
928,ADD,0.8768
929,UO,0.8767
930,BZD,0.8767
931,AAR,0.8767
932,AID,0.8767
933,CGY,0.8767
934,CMX,0.8766
935,AMR,0.8766
936,VB,0.8765
937,ANV,0.8765
938,BXD,0.8764
939,RQ,0.8764
940,CMK,0.8764
941,GW,0.8764
942,ANP,0.8764
943,GT,0.8764
944,BQZ,0.8764
945,CJJ,0.8764
946,AEV,0.8763
947,AUX,0.8763
948,CFA,0.8763
949,ARY,0.8762
950,CHL,0.8762
951,CCW,0.8761
952,ATO,0.8761
953,HL,0.8761
954,LL,0.8761
955,DA,0.8761
956,SJ,0.8761
957,BXE,0.8759
958,GZ,0.8759
959,BOK,0.8758
960,AFD,0.8758
961,QQ,0.8757
962,BET,0.8757
963,YJ,0.8757
964,CFW,0.8757
965,BZL,0.8755
966,BWG,0.8755
967,BMA,0.8755
968,QG,0.8755
969,AIA,0.8755
970,APH,0.8754
971,BW,0.8753
972,AVV,0.8753
973,AJG,0.8752
974,JP,0.8752
975,CS,0.8752
976,BAH,0.8752
977,PN,0.8752
978,PF,0.8752
979,BXN,0.8752
980,DT,0.8752
981,CIV,0.8752
982,AIT,0.8752
983,AIW,0.8751
984,BRD,0.8751
985,CEG,0.8751
986,HC,0.8751
987,QK,0.8751
988,ME,0.875
989,BSG,0.875
990,A,0.875
991,APO,0.875
992,BAX,0.8749
993,CFH,0.8748
994,CFM,0.8748
995,COO,0.8748
996,BAE,0.8747
997,CCI,0.8746
998,BOL,0.8746
999,CJE,0.8745
1000,BSH,0.8745
1001,BH,0.8744
1002,FC,0.8744
1003,ZH,0.8743
1004,BWI,0.8743
1005,BUM,0.8742
1006,RK,0.8742
1007,BQU,0.8742
1008,APS,0.8741
1009,RT,0.874
1010,I,0.874
1011,WP,0.874
1012,UY,0.874
1013,TW,0.874
1014,BZG,0.874
1015,ADP,0.874
1016,GS,0.874
1017,CDZ,0.874
1018,ADW,0.874
1019,APR,0.8739
1020,BXJ,0.8739
1021,UB,0.8738
1022,AMP,0.8738
1023,AYR,0.8738
1024,AZW,0.8738
1025,BUS,0.8737
1026,AEA,0.8736
1027,CMH,0.8736
1028,TB,0.8736
1029,CZ,0.8736
1030,OW,0.8735
1031,AYF,0.8735
1032,CIO,0.8735
1033,BTG,0.8735
1034,BRW,0.8734
1035,ARP,0.8734
1036,CLZ,0.8734
1037,CCB,0.8734
1038,BEV,0.8734
1039,BGP,0.8733
1040,ARK,0.8733
1041,BOA,0.8732
1042,BRM,0.8732
1043,ADU,0.8732
1044,XD,0.8732
1045,ACH,0.8732
1046,FZ,0.8732
1047,APX,0.8731
1048,ZA,0.873
1049,AVM,0.873
1050,ASH,0.8729
1051,HR,0.8729
1052,ASU,0.8729
1053,VP,0.8729
1054,BAK,0.8729
1055,BRN,0.8729
1056,CFN,0.8728
1057,CJK,0.8728
1058,CHR,0.8727
1059,CBE,0.8727
1060,AZV,0.8727
1061,BUV,0.8727
1062,BND,0.8727
1063,RB,0.8727
1064,OY,0.8727
1065,AIY,0.8727
1066,JZ,0.8726
1067,CDC,0.8726
1068,HN,0.8726
1069,PW,0.8726
1070,CU,0.8726
1071,BTI,0.8726
1072,LI,0.8724
1073,VD,0.8724
1074,VC,0.8724
1075,OT,0.8724
1076,CJT,0.8723
1077,VQ,0.8723
1078,AYI,0.8723
1079,RI,0.8723
1080,RH,0.8723
1081,ATP,0.8723
1082,AQG,0.8721
1083,UA,0.8721
1084,API,0.872
1085,AIH,0.872
1086,RA,0.8719
1087,BQK,0.8719
1088,CV,0.8719
1089,NY,0.8718
1090,QB,0.8718
1091,CLV,0.8718
1092,SW,0.8717
1093,BUK,0.8716
1094,CIP,0.8716
1095,AVI,0.8716
1096,BED,0.8715
1097,AKO,0.8715
1098,OM,0.8714
1099,CCC,0.8714
1100,BDN,0.8713
1101,CIL,0.8713
1102,VR,0.8713
1103,BCK,0.8712
1104,CDW,0.8711
1105,SB,0.8711
1106,CNY,0.8711
1107,CEA,0.871
1108,ACM,0.871
1109,CBY,0.8709
1110,AJV,0.8709
1111,ACW,0.8709
1112,G,0.8709
1113,AWE,0.8708
1114,TR,0.8708
1115,CFY,0.8708
1116,AI,0.8707
1117,QO,0.8707
1118,TQ,0.8707
1119,BOJ,0.8707
1120,APU,0.8706
1121,ADK,0.8706
1122,MP,0.8706
1123,AJP,0.8705
1124,APD,0.8705
1125,CLG,0.8705
1126,CNB,0.8704
1127,CGJ,0.8703
1128,ALJ,0.8703
1129,BVP,0.8703
1130,BYK,0.8703
1131,TJ,0.8703
1132,NP,0.8702
1133,BV,0.8702
1134,BMV,0.8702
1135,AWG,0.8701
1136,ALT,0.8701
1137,VE,0.87
1138,RS,0.87
1139,AKY,0.87
1140,CY,0.87
1141,BWF,0.8699
1142,ANJ,0.8699
1143,AZA,0.8698
1144,BMG,0.8698
1145,AUD,0.8698
1146,CDN,0.8697
1147,BSF,0.8696
1148,ATT,0.8696
1149,CJP,0.8695
1150,MH,0.8695
1151,CAZ,0.8695
1152,OE,0.8695
1153,FW,0.8695
1154,CMT,0.8695
1155,MB,0.8694
1156,OG,0.8694
1157,AYC,0.8694
1158,CBP,0.8694
1159,BDG,0.8693
1160,GH,0.8693
1161,CIC,0.8693
1162,AHI,0.8693
1163,WF,0.8693
1164,LC,0.8692
1165,ARX,0.8692
1166,EU,0.8692
1167,CNC,0.8691
1168,AZO,0.8691
1169,AJL,0.8691
1170,WS,0.869
1171,BHX,0.869
1172,BLN,0.869
1173,AJY,0.869
1174,BPT,0.869
1175,BTH,0.8689
1176,KX,0.8689
1177,MI,0.8689
1178,TZ,0.8688
1179,BXO,0.8687
1180,SL,0.8687
1181,LU,0.8687
1182,AUQ,0.8687
1183,AUH,0.8687
1184,FX,0.8686
1185,YW,0.8686
1186,KR,0.8685
1187,SU,0.8685
1188,BDQ,0.8685
1189,CCX,0.8684
1190,AR,0.8684
1191,AXI,0.8684
1192,BVV,0.8683
1193,CBF,0.8683
1194,CLL,0.8683
1195,CGI,0.8682
1196,CKS,0.8682
1197,MF,0.8681
1198,MV,0.8681
1199,FM,0.8681
1200,QW,0.8681
1201,CDD,0.8681
1202,AXZ,0.868
1203,BFC,0.868
1204,BJV,0.868
1205,BWK,0.8679
1206,TV,0.8679
1207,ANS,0.8679
1208,CHM,0.8678
1209,KN,0.8678
1210,AVK,0.8678
1211,AQO,0.8678
1212,CHS,0.8678
1213,BBB,0.8677
1214,BVM,0.8676
1215,QV,0.8676
1216,AAZ,0.8676
1217,AQL,0.8675
1218,AXS,0.8675
1219,GK,0.8675
1220,BCN,0.8674
1221,CEH,0.8674
1222,QE,0.8673
1223,AV,0.8673
1224,E,0.8672
1225,AZF,0.8672
1226,NQ,0.8672
1227,BJN,0.8671
1228,AQB,0.8671
1229,AJI,0.8671
1230,AQF,0.8671
1231,AMA,0.867
1232,PC,0.867
1233,CKN,0.867
1234,BVF,0.867
1235,APW,0.8669
1236,BLF,0.8669
1237,BAJ,0.8669
1238,ARH,0.8668
1239,CLJ,0.8668
1240,AKV,0.8668
1241,BWS,0.8668
1242,AJZ,0.8668
1243,KG,0.8667
1244,NV,0.8667
1245,BVR,0.8667
1246,ARR,0.8666
1247,AMD,0.8666
1248,BTQ,0.8666
1249,AIL,0.8666
1250,CCJ,0.8666
1251,AAB,0.8666
1252,HE,0.8665
1253,AOE,0.8664
1254,AFC,0.8664
1255,KQ,0.8664
1256,CAV,0.8664
1257,ABB,0.8664
1258,PX,0.8664
1259,APC,0.8664
1260,AHN,0.8664
1261,BTT,0.8663
1262,CKE,0.8663
1263,BZO,0.8663
1264,CFB,0.8662
1265,ARS,0.8662
1266,WY,0.8662
1267,AWK,0.8661
1268,F,0.8661
1269,SZ,0.8661
1270,AIV,0.8661
1271,BYL,0.866
1272,CES,0.866
1273,ANW,0.866
1274,CIW,0.866
1275,CFZ,0.866
1276,AXQ,0.8659
1277,UW,0.8659
1278,AZM,0.8659
1279,CCT,0.8659
1280,ZC,0.8658
1281,BAP,0.8658
1282,AXP,0.8657
1283,ASF,0.8657
1284,AOH,0.8657
1285,ANK,0.8655
1286,AIB,0.8655
1287,BNN,0.8654
1288,HY,0.8654
1289,CJN,0.8654
1290,YZ,0.8654
1291,AGJ,0.8653
1292,AGB,0.8653
1293,BE,0.8653
1294,AQH,0.8653
1295,AW,0.8653
1296,AZU,0.8652
1297,NO,0.8651
1298,CLT,0.8651
1299,AME,0.8651
1300,IP,0.8651
1301,CKY,0.8651
1302,BZB,0.8651
1303,UC,0.865
1304,OR,0.865
1305,BS,0.8649
1306,CLW,0.8649
1307,AJA,0.8649
1308,ZS,0.8649
1309,BGO,0.8648
1310,AIU,0.8648
1311,AQ,0.8648
1312,ACC,0.8648
1313,ATC,0.8648
1314,ALM,0.8648
1315,CX,0.8648
1316,BYM,0.8647
1317,AEE,0.8646
1318,AOV,0.8646
1319,CFQ,0.8646
1320,XU,0.8645
1321,AZY,0.8645
1322,RJ,0.8644
1323,WV,0.8643
1324,MC,0.8643
1325,PR,0.8643
1326,NC,0.8641
1327,AYG,0.8639
1328,H,0.8639
1329,ACF,0.8637
1330,FV,0.8637
1331,NJ,0.8636
1332,BXH,0.8635
1333,CJV,0.8635
1334,DW,0.8635
1335,CIJ,0.8635
1336,CDU,0.8635
1337,CHI,0.8635
1338,CAK,0.8634
1339,HD,0.8634
1340,BUE,0.8633
1341,IO,0.8633
1342,AQJ,0.8633
1343,UR,0.8633
1344,RD,0.8633
1345,L,0.8633
1346,ABJ,0.8632
1347,ALB,0.8632
1348,BGM,0.8632
1349,AWL,0.8632
1350,BEF,0.8631
1351,AUM,0.8631
1352,BVS,0.863
1353,NG,0.863
1354,BX,0.863
1355,BTY,0.863
1356,AAC,0.863
1357,IS,0.863
1358,BHP,0.8629
1359,AOL,0.8629
1360,AOR,0.8628
1361,CII,0.8627
1362,ATL,0.8627
1363,AGK,0.8627
1364,PO,0.8627
1365,ANQ,0.8627
1366,AYX,0.8626
1367,AHL,0.8626
1368,BWO,0.8626
1369,ASS,0.8625
1370,AWQ,0.8625
1371,CBW,0.8624
1372,AOO,0.8624
1373,BBS,0.8624
1374,PJ,0.8624
1375,PG,0.8623
1376,PQ,0.8623
1377,BWV,0.8622
1378,AWU,0.8622
1379,FB,0.8621
1380,LV,0.8621
1381,BXK,0.8621
1382,ANC,0.8621
1383,ZT,0.8621
1384,AGC,0.8621
1385,AKD,0.8621
1386,ASX,0.862
1387,CBV,0.862
1388,PD,0.8619
1389,AUR,0.8619
1390,RC,0.8618
1391,FH,0.8617
1392,AUG,0.8617
1393,CEP,0.8617
1394,BEE,0.8617
1395,CHF,0.8616
1396,CAS,0.8615
1397,AFA,0.8615
1398,COS,0.8615
1399,AHT,0.8615
1400,NX,0.8615
1401,AWF,0.8614
1402,APL,0.8614
1403,BXG,0.8614
1404,XV,0.8613
1405,AJX,0.8613
1406,ARI,0.8613
1407,UE,0.8612
1408,CCQ,0.8611
1409,AHU,0.8611
1410,AIR,0.8611
1411,BAO,0.8611
1412,BDP,0.8611
1413,FJ,0.8611
1414,AEQ,0.861
1415,CFT,0.861
1416,PP,0.861
1417,BQP,0.8609
1418,GL,0.8609
1419,AZS,0.8608
1420,BBL,0.8608
1421,SK,0.8608
1422,CDT,0.8608
1423,CLO,0.8608
1424,AZE,0.8607
1425,ASK,0.8607
1426,SM,0.8607
1427,BCH,0.8607
1428,ABQ,0.8607
1429,BVJ,0.8607
1430,AHG,0.8606
1431,BAD,0.8606
1432,AZR,0.8606
1433,BUA,0.8606
1434,CNP,0.8606
1435,RU,0.8605
1436,ATN,0.8605
1437,BTJ,0.8605
1438,BAN,0.8605
1439,CGD,0.8605
1440,CIN,0.8604
1441,NE,0.8604
1442,CDX,0.8604
1443,FA,0.8603
1444,YT,0.8603
1445,AKB,0.8603
1446,BDB,0.8602
1447,BYX,0.8602
1448,D,0.8602
1449,BRL,0.8601
1450,CDY,0.86
1451,CIM,0.86
1452,CNF,0.86
1453,CBZ,0.86
1454,MY,0.8599
1455,BCE,0.8599
1456,BDU,0.8599
1457,CJY,0.8598
1458,BZY,0.8598
1459,EP,0.8598
1460,MD,0.8598
1461,VS,0.8598
1462,YO,0.8597
1463,EK,0.8597
1464,ARO,0.8597
1465,FK,0.8597
1466,DU,0.8596
1467,ANZ,0.8595
1468,Q,0.8594
1469,BOW,0.8594
1470,AOD,0.8594
1471,AAQ,0.8594
1472,CGR,0.8594
1473,AQM,0.8594
1474,CLX,0.8594
1475,ANL,0.8593
1476,BPG,0.8593
1477,CHU,0.8593
1478,BDF,0.8593
1479,ASJ,0.8592
1480,AWW,0.8592
1481,CMD,0.8591
1482,CCA,0.8591
1483,CNZ,0.8591
1484,AIG,0.8591
1485,BSR,0.8591
1486,APT,0.8591
1487,ALG,0.859
1488,HV,0.859
1489,ABL,0.859
1490,HZ,0.8589
1491,AZB,0.8589
1492,QP,0.8589
1493,ANT,0.8589
1494,AYU,0.8588
1495,BTX,0.8588
1496,RO,0.8588
1497,AKG,0.8588
1498,AKW,0.8587
1499,MG,0.8587
1500,AKQ,0.8587
1501,YI,0.8586
1502,OB,0.8586
1503,ABS,0.8586
1504,AJU,0.8585
1505,SG,0.8585
1506,RG,0.8585
1507,VW,0.8585
1508,BEL,0.8585
1509,AQD,0.8585
1510,CKH,0.8585
1511,AMS,0.8584
1512,AEG,0.8584
1513,JJ,0.8584
1514,CDF,0.8584
1515,AUB,0.8583
1516,ADC,0.8583
1517,JO,0.8583
1518,AGZ,0.8582
1519,ASY,0.8581
1520,JQ,0.8581
1521,CMR,0.8581
1522,BDA,0.8581
1523,CNU,0.858
1524,AQC,0.858
1525,CKO,0.858
1526,CBH,0.8579
1527,CLK,0.8578
1528,QA,0.8578
1529,CJX,0.8578
1530,AGY,0.8578
1531,COJ,0.8578
1532,GJ,0.8578
1533,AHX,0.8578
1534,TX,0.8577
1535,ACX,0.8577
1536,AJT,0.8577
1537,AEH,0.8575
1538,VN,0.8575
1539,CLN,0.8574
1540,CMI,0.8574
1541,MQ,0.8574
1542,VJ,0.8574
1543,QF,0.8574
1544,BZN,0.8574
1545,ATH,0.8574
1546,AYB,0.8573
1547,BYB,0.8573
1548,AGI,0.8573
1549,BQ,0.8573
1550,CAL,0.8572
1551,BJ,0.8572
1552,CAN,0.8572
1553,SY,0.8571
1554,AZK,0.8571
1555,AYJ,0.8571
1556,COG,0.8571
1557,AYO,0.8571
1558,BYU,0.8571
1559,COF,0.8571
1560,ADN,0.8571
1561,MN,0.857
1562,CFP,0.857
1563,TS,0.8569
1564,CNA,0.8568
1565,BUL,0.8568
1566,CJS,0.8568
1567,BGJ,0.8568
1568,WB,0.8567
1569,XS,0.8567
1570,ALY,0.8567
1571,AMV,0.8566
1572,AUY,0.8566
1573,AYP,0.8565
1574,MS,0.8565
1575,KA,0.8563
1576,AMN,0.8562
1577,KJ,0.8562
1578,BDT,0.8561
1579,BXB,0.856
1580,WG,0.8558
1581,FY,0.8558
1582,BWQ,0.8558
1583,AAA,0.8557
1584,ARV,0.8556
1585,APQ,0.8556
1586,AT,0.8556
1587,LY,0.8555
1588,SC,0.8555
1589,J,0.8555
1590,ACI,0.8554
1591,PK,0.8554
1592,AUE,0.8554
1593,QD,0.8554
1594,BVI,0.8554
1595,RX,0.8554
1596,BEK,0.8553
1597,AX,0.8553
1598,CMC,0.8553
1599,AJ,0.8552
1600,PH,0.8552
1601,HU,0.8552
1602,LF,0.8552
1603,ASV,0.8551
1604,BUQ,0.8551
1605,BBA,0.855
1606,VA,0.855
1607,AFR,0.8549
1608,COQ,0.8549
1609,BBH,0.8549
1610,AP,0.8549
1611,IG,0.8549
1612,MW,0.8549
1613,EZ,0.8548
1614,BAC,0.8548
1615,CNT,0.8547
1616,IU,0.8547
1617,AMB,0.8547
1618,KU,0.8546
1619,CJD,0.8545
1620,CJZ,0.8545
1621,CL,0.8544
1622,ABV,0.8544
1623,CNH,0.8544
1624,BVQ,0.8544
1625,BCP,0.8544
1626,ALV,0.8543
1627,WH,0.8543
1628,ANH,0.8543
1629,IY,0.8543
1630,UU,0.8543
1631,BBO,0.8542
1632,AHY,0.8542
1633,ARF,0.8542
1634,CFG,0.8542
1635,AUL,0.8542
1636,ALX,0.8541
1637,AXM,0.8541
1638,BZZ,0.854
1639,PB,0.854
1640,IL,0.854
1641,AOY,0.8539
1642,BDC,0.8538
1643,NR,0.8537
1644,AOA,0.8537
1645,NU,0.8537
1646,COR,0.8537
1647,BG,0.8537
1648,AVT,0.8536
1649,AKM,0.8536
1650,AIJ,0.8536
1651,EJ,0.8536
1652,UJ,0.8536
1653,AJE,0.8535
1654,BGA,0.8535
1655,BMT,0.8535
1656,GV,0.8535
1657,CHQ,0.8533
1658,SV,0.8533
1659,AWX,0.8533
1660,IJ,0.8533
1661,BAS,0.8532
1662,CAB,0.8532
1663,ATJ,0.8531
1664,BF,0.8531
1665,HW,0.853
1666,UG,0.8529
1667,GA,0.8528
1668,MX,0.8528
1669,AWT,0.8528
1670,EE,0.8528
1671,AVD,0.8528
1672,BGY,0.8528
1673,AIO,0.8527
1674,ATS,0.8527
1675,LE,0.8527
1676,AWV,0.8527
1677,CLB,0.8527
1678,BNV,0.8526
1679,BDL,0.8526
1680,CP,0.8526
1681,CDB,0.8525
1682,AKF,0.8525
1683,AHJ,0.8525
1684,AXO,0.8525
1685,CMP,0.8525
1686,BWE,0.8525
1687,CAF,0.8524
1688,WT,0.8523
1689,TY,0.8523
1690,AYH,0.8522
1691,ANX,0.8521
1692,CBD,0.8521
1693,CJF,0.8521
1694,BRP,0.8521
1695,ARU,0.8521
1696,AIN,0.852
1697,BNP,0.852
1698,JX,0.8519
1699,NF,0.8519
1700,BZA,0.8518
1701,ASZ,0.8518
1702,JB,0.8518
1703,GE,0.8517
1704,ASG,0.8516
1705,CLC,0.8516
1706,CEL,0.8516
1707,AF,0.8516
1708,VK,0.8516
1709,VM,0.8516
1710,CNV,0.8515
1711,BIW,0.8514
1712,BO,0.8514
1713,BYG,0.8513
1714,ATG,0.8513
1715,BWU,0.8513
1716,AEX,0.8513
1717,BWC,0.8513
1718,AQE,0.8512
1719,VO,0.8511
1720,ADS,0.8511
1721,COL,0.8511
1722,AFP,0.851
1723,AQS,0.851
1724,AH,0.851
1725,V,0.851
1726,ASB,0.8509
1727,ALO,0.8509
1728,SA,0.8509
1729,BOZ,0.8509
1730,ER,0.8509
1731,ML,0.8509
1732,PT,0.8509
1733,BQF,0.8508
1734,BMF,0.8507
1735,BDO,0.8507
1736,ASW,0.8507
1737,EL,0.8507
1738,ATA,0.8506
1739,AXK,0.8506
1740,ON,0.8506
1741,ATR,0.8505
1742,ACE,0.8505
1743,IE,0.8505
1744,AKU,0.8504
1745,RR,0.8504
1746,JM,0.8504
1747,BCB,0.8503
1748,YX,0.8503
1749,CFI,0.8502
1750,CMJ,0.8501
1751,GR,0.85
1752,DR,0.8499
1753,BZX,0.8499
1754,FU,0.8499
1755,TK,0.8498
1756,AYM,0.8497
1757,UT,0.8496
1758,AWI,0.8496
1759,T,0.8496
1760,BNW,0.8495
1761,CA,0.8494
1762,BDV,0.8493
1763,CFR,0.8492
1764,CW,0.8492
1765,AKH,0.8492
1766,DO,0.8492
1767,AU,0.8492
1768,AXV,0.8491
1769,GP,0.849
1770,RM,0.849
1771,DC,0.8489
1772,BIF,0.8489
1773,OC,0.8489
1774,IB,0.8487
1775,BSV,0.8487
1776,PL,0.8486
1777,EY,0.8486
1778,HX,0.8486
1779,AMG,0.8486
1780,CLA,0.8485
1781,BIT,0.8485
1782,SQ,0.8485
1783,BXP,0.8485
1784,BWA,0.8484
1785,AO,0.8484
1786,AJO,0.8484
1787,CJL,0.8483
1788,AVH,0.8482
1789,CKV,0.8481
1790,BHF,0.848
1791,KS,0.848
1792,AQA,0.8479
1793,UK,0.8479
1794,CNN,0.8479
1795,AQV,0.8478
1796,ABE,0.8476
1797,BKD,0.8475
1798,ASM,0.8475
1799,BGV,0.8474
1800,BLW,0.8474
1801,CGQ,0.8474
1802,CJH,0.8474
1803,BJD,0.8474
1804,VT,0.8473
1805,LM,0.8472
1806,BBP,0.8471
1807,CO,0.847
1808,AKE,0.847
1809,BKU,0.8469
1810,COA,0.8469
1811,CD,0.8469
1812,AZQ,0.8469
1813,BBX,0.8468
1814,CAE,0.8468
1815,CE,0.8468
1816,ASA,0.8467
1817,,0.8467
1818,ATZ,0.8467
1819,YU,0.8465
1820,ALI,0.8465
1821,UZ,0.8464
1822,LH,0.8464
1823,AZN,0.8464
1824,ABZ,0.8464
1825,O,0.8463
1826,ARD,0.8463
1827,OK,0.8463
1828,PA,0.8463
1829,CFO,0.8461
1830,ALD,0.8461
1831,APJ,0.846
1832,AJC,0.846
1833,AVA,0.8459
1834,NB,0.8459
1835,CFK,0.8459
1836,ANB,0.8458
1837,MK,0.8457
1838,AHH,0.8457
1839,YV,0.8456
1840,YQ,0.8456
1841,BDW,0.8456
1842,AIE,0.8454
1843,AY,0.8453
1844,AEL,0.8453
1845,DJ,0.8452
1846,CNQ,0.8451
1847,BWP,0.845
1848,DY,0.845
1849,BHU,0.845
1850,AJH,0.845
1851,AG,0.845
1852,C,0.8449
1853,ANI,0.8449
1854,AJR,0.8449
1855,SP,0.8449
1856,MM,0.8448
1857,FL,0.8448
1858,CKG,0.8448
1859,BEQ,0.8447
1860,BLK,0.8447
1861,BTU,0.8447
1862,BJS,0.8445
1863,CB,0.8445
1864,CJW,0.8444
1865,ALW,0.8442
1866,HK,0.844
1867,CLI,0.8438
1868,BY,0.8438
1869,BAU,0.8437
1870,ST,0.8436
1871,AIC,0.8435
1872,BI,0.8434
1873,BCY,0.8434
1874,BYY,0.8431
1875,CKK,0.8431
1876,KH,0.8429
1877,CNK,0.8429
1878,ALZ,0.8429
1879,PE,0.8428
1880,FO,0.8428
1881,BDS,0.8427
1882,ABT,0.8427
1883,AXE,0.8426
1884,EW,0.8426
1885,NN,0.8426
1886,HB,0.8425
1887,M,0.8425
1888,BFD,0.8425
1889,AXF,0.8425
1890,CLF,0.8425
1891,COB,0.8424
1892,BZS,0.8424
1893,JN,0.8422
1894,BEU,0.8421
1895,KO,0.8421
1896,AES,0.8421
1897,HG,0.842
1898,BKK,0.8419
1899,ASE,0.8419
1900,HM,0.8416
1901,BIM,0.8416
1902,CNO,0.8416
1903,AJQ,0.8413
1904,CR,0.8413
1905,AYD,0.8413
1906,HO,0.8412
1907,JC,0.8411
1908,CNS,0.8411
1909,BVD,0.8409
1910,BQY,0.8409
1911,AVQ,0.8407
1912,AMW,0.8407
1913,AFI,0.8407
1914,BKI,0.8406
1915,BIK,0.8406
1916,ABA,0.8404
1917,CF,0.8402
1918,ASL,0.8402
1919,PI,0.8401
1920,VI,0.8399
1921,ALS,0.8399
1922,KT,0.8398
1923,COH,0.8395
1924,AUW,0.8395
1925,JI,0.8394
1926,BCV,0.8394
1927,AND,0.8393
1928,TC,0.8392
1929,AOG,0.8392
1930,IQ,0.839
1931,APK,0.839
1932,VU,0.8388
1933,BCZ,0.8388
1934,ATM,0.8387
1935,AML,0.8387
1936,BM,0.8387
1937,KY,0.8386
1938,AUA,0.8385
1939,BMY,0.8385
1940,BBZ,0.8383
1941,APP,0.8383
1942,BEJ,0.8381
1943,ANY,0.8378
1944,BBT,0.8373
1945,DG,0.8373
1946,BBU,0.8372
1947,AMF,0.8371
1948,TP,0.837
1949,BDR,0.8369
1950,SR,0.8366
1951,AQZ,0.8365
1952,BFO,0.8365
1953,DZ,0.8364
1954,GM,0.8364
1955,KI,0.8364
1956,ACJ,0.8364
1957,AQX,0.8364
1958,AQY,0.8363
1959,QX,0.8363
1960,HS,0.8363
1961,AQK,0.8362
1962,CAD,0.8361
1963,BGE,0.836
1964,AZP,0.8359
1965,BYI,0.8359
1966,CLP,0.8357
1967,NH,0.8357
1968,PY,0.8357
1969,APA,0.8355
1970,ED,0.8355
1971,LB,0.8353
1972,AOZ,0.8351
1973,APB,0.8351
1974,BB,0.835
1975,QN,0.835
1976,EN,0.8349
1977,ANR,0.8348
1978,CI,0.8348
1979,BFQ,0.8347
1980,MA,0.8346
1981,AGH,0.8343
1982,AYS,0.8343
1983,GQ,0.8343
1984,TT,0.8342
1985,XR,0.8342
1986,JE,0.8341
1987,DH,0.834
1988,ACD,0.834
1989,CJ,0.8337
1990,ZZ,0.8336
1991,ACR,0.8336
1992,ET,0.8335
1993,GO,0.8335
1994,QM,0.8335
1995,APN,0.8335
1996,BAV,0.8333
1997,ALQ,0.8333
1998,BDD,0.8333
1999,BZJ,0.8332
2000,SO,0.8332
2001,ATQ,0.8331
2002,BXQ,0.8329
2003,BXX,0.8328
2004,ACZ,0.8327
2005,BP,0.8326
2006,AZ,0.8323
2007,CK,0.8323
2008,NT,0.8321
2009,BPL,0.8321
2010,BNU,0.8319
2011,AAF,0.8319
2012,ALP,0.8316
2013,AMQ,0.8316
2014,TM,0.8313
2015,ARJ,0.8312
2016,CH,0.8312
2017,XA,0.8312
2018,P,0.8311
2019,FQ,0.8311
2020,CJI,0.8311
2021,BYD,0.8311
2022,AHP,0.831
2023,BZM,0.8309
2024,BZQ,0.8309
2025,BBI,0.8308
2026,AFN,0.8306
2027,AS,0.8306
2028,CFL,0.8306
2029,BZK,0.8305
2030,BIJ,0.8305
2031,LP,0.8304
2032,ASN,0.8303
2033,XY,0.8303
2034,CMG,0.8301
2035,AWC,0.83
2036,AGO,0.8299
2037,QS,0.8299
2038,BYJ,0.8298
2039,BIC,0.8297
2040,BXU,0.8297
2041,TL,0.8297
2042,BGQ,0.8295
2043,BKA,0.8294
2044,ALE,0.8293
2045,BZU,0.8291
2046,ALL,0.8288
2047,CER,0.8287
2048,AFO,0.8287
2049,AMZ,0.8287
2050,AWY,0.8285
2051,BLS,0.8285
2052,PU,0.8284
2053,BBM,0.8283
2054,CAU,0.8283
2055,CHH,0.8282
2056,AFE,0.8282
2057,BAY,0.828
2058,FT,0.8279
2059,EV,0.8279
2060,EM,0.8278
2061,BCF,0.8277
2062,BKH,0.8277
2063,KK,0.8277
2064,ALC,0.8276
2065,AM,0.8275
2066,CCS,0.8275
2067,BCM,0.8275
2068,CKQ,0.8274
2069,BN,0.8274
2070,CKP,0.8273
2071,ZE,0.8273
2072,BHB,0.8269
2073,CT,0.8267
2074,OP,0.8265
2075,MO,0.8265
2076,BEB,0.8264
2077,BBC,0.8264
2078,AZJ,0.8264
2079,ZY,0.8263
2080,CLR,0.8263
2081,FP,0.8263
2082,CMU,0.8262
2083,XQ,0.8262
2084,BXY,0.8261
2085,AXT,0.8261
2086,AJB,0.826
2087,AGG,0.8258
2088,BGD,0.8256
2089,COM,0.8255
2090,ARW,0.8253
2091,ATK,0.8253
2092,BYP,0.8252
2093,JF,0.8252
2094,OZ,0.825
2095,BIZ,0.8249
2096,BWL,0.8249
2097,ASO,0.8249
2098,HQ,0.8248
2099,BZW,0.8247
2100,AD,0.8246
2101,ATB,0.8245
2102,AWJ,0.8244
2103,FN,0.8244
2104,BKQ,0.8241
2105,TE,0.8237
2106,ASQ,0.8236
2107,BYV,0.8232
2108,BGH,0.8232
2109,BXA,0.8232
2110,BAL,0.8231
2111,ACL,0.823
2112,CLD,0.8229
2113,BCO,0.8229
2114,BCX,0.8228
2115,CLY,0.8227
2116,AVS,0.8226
2117,AE,0.8225
2118,OU,0.8225
2119,AZT,0.8223
2120,AMI,0.8222
2121,JR,0.8221
2122,BFU,0.822
2123,AEU,0.8219
2124,DN,0.8219
2125,CKL,0.8216
2126,ANN,0.8216
2127,AMJ,0.8216
2128,ABY,0.8215
2129,RL,0.8213
2130,BXW,0.8213
2131,CKR,0.8213
2132,BCG,0.8212
2133,AKC,0.821
2134,BAM,0.8207
2135,BXZ,0.8206
2136,OO,0.8205
2137,CMV,0.8205
2138,ACB,0.8205
2139,CN,0.8205
2140,CMB,0.8205
2141,AN,0.8198
2142,ACG,0.8195
2143,AVL,0.8192
2144,AUC,0.8192
2145,BZH,0.8189
2146,JW,0.8188
2147,UX,0.8187
2148,BGB,0.8185
2149,DS,0.8183
2150,HT,0.8182
2151,BXR,0.8182
2152,W,0.8176
2153,DM,0.8172
2154,CKW,0.8171
2155,ARC,0.817
2156,BER,0.8169
2157,AKX,0.8169
2158,BEP,0.8166
2159,AYE,0.8164
2160,AXA,0.8162
2161,BVL,0.8159
2162,AON,0.8156
2163,BYH,0.815
2164,BZT,0.8149
2165,AIK,0.8144
2166,VF,0.8142
2167,AUI,0.8141
2168,AIF,0.814
2169,DQ,0.8137
2170,CKX,0.8133
2171,BZE,0.8132
2172,CEB,0.8128
2173,AXC,0.8128
2174,CEV,0.8127
2175,CIQ,0.8126
2176,BAZ,0.8125
2177,BL,0.8125
2178,BAF,0.8125
2179,BIQ,0.8124
2180,GN,0.8122
2181,BTV,0.8121
2182,CCD,0.8119
2183,ASR,0.8118
2184,BYE,0.8118
2185,EF,0.8115
2186,EC,0.8115
2187,ASP,0.8112
2188,HA,0.811
2189,BZC,0.8108
2190,AXJ,0.8104
2191,CMO,0.8102
2192,BGS,0.8102
2193,BKZ,0.8098
2194,AST,0.8097
2195,AXR,0.8095
2196,BHJ,0.8095
2197,CEU,0.8094
2198,BHH,0.8094
2199,BYR,0.8093
2200,BJH,0.8093
2201,AEF,0.8091
2202,BZP,0.809
2203,CHK,0.8088
2204,CAX,0.8085
2205,BWW,0.8083
2206,ATV,0.8083
2207,ARZ,0.8078
2208,CCV,0.8077
2209,AVJ,0.8076
2210,BYZ,0.8076
2211,FD,0.8075
2212,CKJ,0.8072
2213,ALR,0.8072
2214,BZR,0.8069
2215,AAE,0.8068
2216,BJF,0.8065
2217,CJU,0.806
2218,AGM,0.8055
2219,BKW,0.8052
2220,AAT,0.805
2221,BDJ,0.8049
2222,BSA,0.8048
2223,YK,0.8048
2224,BYT,0.8048
2225,GI,0.8046
2226,AHB,0.8046
2227,AHC,0.8044
2228,EA,0.804
2229,AVN,0.8036
2230,AHR,0.8032
2231,XX,0.8027
2232,AQQ,0.8027
2233,OA,0.8026
2234,WZ,0.8025
2235,CG,0.8024
2236,CMQ,0.8023
2237,AHO,0.8023
2238,DB,0.8021
2239,FR,0.8019
2240,ZD,0.8016
2241,AZD,0.8009
2242,BYC,0.8006
2243,IK,0.7999
2244,BOE,0.7997
2245,BNS,0.7994
2246,BPV,0.7985
2247,BWX,0.7981
2248,BGT,0.7979
2249,AFH,0.7971
2250,CJG,0.7966
2251,BIR,0.7961
2252,AHS,0.7956
2253,BXC,0.7952
2254,BIE,0.7949
2255,CND,0.7949
2256,CFJ,0.7948
2257,FE,0.7943
2258,X,0.7941
2259,BKC,0.7934
2260,EG,0.7932
2261,AMO,0.7917
2262,BLU,0.7903
2263,AYN,0.7896
2264,IN,0.7888
2265,ZL,0.7884
2266,AEM,0.7883
2267,AC,0.7878
2268,WL,0.7876
2269,DP,0.7854
2270,BYO,0.7848
2271,SS,0.7846
2272,BPP,0.7844
2273,BGW,0.782
2274,BR,0.7805
2275,CAC,0.7799
2276,BGK,0.7794
2277,BCL,0.7783
2278,BIU,0.7767
2279,AA,0.776
2280,BFT,0.7757
2281,BQM,0.7752
2282,BU,0.7726
2283,AXW,0.7724
2284,BZ,0.7716
2285,IC,0.7664
2286,BYN,0.7638
2287,ABD,0.7623
2288,CNR,0.7615
2289,ACQ,0.7609
2290,UV,0.7604
2291,IV,0.7596
2292,AJK,0.7567
2293,CKI,0.7525
2294,BKP,0.7508
2295,BDK,0.7504
2296,AUP,0.7384
2297,BIY,0.7324
2298,AUS,0.7291
2299,BXF,0.7289
2300,BHA,0.7275
2301,AKA,0.7107
2302,ASI,0.5596
2303,JU,0.5443
2304,S,0.544
2305,BLV,0.4147
2306,BFI,0.3923
2307,BID,0.3243
2308,BNA,0.2994
2309,BKX,0.2974
2310,BKJ,0.2942
2311,BHS,0.281
2312,BFX,0.2785
2313,BOV,0.2783
2314,BKL,0.2774
2315,BKN,0.2757
2316,BSS,0.2729
2317,BHR,0.2722
2318,BIN,0.2687
2319,BGF,0.2677
2320,BMD,0.2675
2321,BKR,0.2673
2322,BPZ,0.2673
2323,BMK,0.2662
2324,BOX,0.2661
2325,BHK,0.2655
2326,BFV,0.2655
2327,BGN,0.265
2328,BIO,0.2649
2329,BFY,0.2643
2330,BJK,0.2643
2331,BKG,0.2637
2332,BHV,0.2637
2333,BHY,0.2636
2334,BGZ,0.2627
2335,BKF,0.2618
2336,BHT,0.2612
2337,BEY,0.2583
2338,BNX,0.2579
2339,BJA,0.2579
2340,BKM,0.2579
2341,BJW,0.2572
2342,BKO,0.2562
2343,BSX,0.2558
2344,BQC,0.2554
2345,BHW,0.2546
2346,BFL,0.2544
2347,BFJ,0.2543
2348,BFN,0.2542
2349,BIG,0.2539
2350,BKB,0.2533
2351,BLX,0.2523
2352,BMR,0.252
2353,BMN,0.2515
2354,BPJ,0.2514
2355,BLC,0.2511
2356,BPY,0.2507
2357,BJR,0.2503
2358,BJT,0.2497
2359,BJJ,0.2497
2360,BHD,0.2497
2361,BJI,0.2477
2362,BFZ,0.2475
2363,BSN,0.2473
2364,BHL,0.2459
2365,BFH,0.2459
2366,BKS,0.2455
2367,BPF,0.2454
2368,BHQ,0.2453
2369,BKE,0.2453
2370,BRU,0.2451
2371,BFS,0.2443
2372,BPU,0.2439
2373,BJZ,0.2431
2374,BHC,0.2413
2375,BNZ,0.2412
2376,BRO,0.2412
2377,BRR,0.2408
2378,BQR,0.2406
2379,BIH,0.2401
2380,BFR,0.24
2381,BLG,0.2397
2382,BOR,0.2396
2383,BLI,0.2395
2384,BPW,0.2392
2385,BLB,0.2386
2386,BRH,0.2385
2387,BLJ,0.2383
2388,BEX,0.2381
2389,BHM,0.2379
2390,BRT,0.2377
2391,BRG,0.2376
2392,BQG,0.2372
2393,BFM,0.237
2394,BIX,0.2363
2395,BIP,0.2362
2396,BJU,0.236
2397,BFW,0.2359
2398,BLZ,0.2355
2399,BLM,0.234
2400,BJQ,0.2336
2401,BQB,0.2331
2402,BMQ,0.233
2403,BST,0.2325
2404,BLH,0.232
2405,BTA,0.2316
2406,BJY,0.231
2407,BFF,0.2304
2408,BIL,0.23
2409,BLQ,0.229
2410,BJP,0.229
2411,BEW,0.2288
2412,BJB,0.2287
2413,BPB,0.2286
2414,BRB,0.2279
2415,BSM,0.2272
2416,BFA,0.2264
2417,BII,0.2247
2418,BLR,0.2232
2419,BOQ,0.2231
2420,BGR,0.2229
2421,BSQ,0.2224
2422,BOU,0.2221
2423,BLA,0.2216
2424,BQS,0.2216
2425,BFB,0.2204
2426,BLO,0.2196
2427,BFE,0.219
2428,BMM,0.2184
2429,BNM,0.2177
2430,BJO,0.2174
2431,BLL,0.2164
2432,BLY,0.2156
2433,BIB,0.2144
2434,BNQ,0.2129
2435,BLT,0.2077
2436,BNO,0.2074
2437,BIA,0.1995
